id,name,state,region,lat,lon,metro_population_m,rpp,median_rent_1br,median_home_price,median_household_income,mean_wage,unemployment_rate,youth_unemployment_rate,job_growth_5yr,wage_growth,local_income_tax_rate,transport_monthly
new-york,New York,NY,Northeast,40.7128,-74.0060,19.5,116.7,3350,760000,93000,86600,4.8,11.8,3.1,4.3,0.0376,210
los-angeles,Los Angeles,CA,West,34.0522,-118.2437,12.8,116.1,2350,925000,91400,77400,5.6,12.1,1.8,4.2,0,690
chicago,Chicago,IL,Midwest,41.8781,-87.6298,9.3,103.4,1950,335000,85100,72900,5.0,11.3,2.2,4.3,0,420
houston,Houston,TX,South,29.7604,-95.3698,7.4,99.8,1320,335000,76000,69500,4.4,9.6,11.7,4.9,0,720
phoenix,Phoenix,AZ,West,33.4484,-112.0740,5.1,103.2,1410,450000,82000,66100,3.5,7.4,12.5,5.2,0,740
philadelphia,Philadelphia,PA,Northeast,39.9526,-75.1652,6.2,104.3,1720,330000,86000,71200,4.1,9.9,3.8,4.2,0.0375,430
san-antonio,San Antonio,TX,South,29.4241,-98.4936,2.7,93.4,1150,295000,67600,56900,4.0,8.9,10.9,5.0,0,690
san-diego,San Diego,CA,West,32.7157,-117.1611,3.3,115.8,2520,905000,102300,76600,4.5,9.4,3.6,4.5,0,700
dallas,Dallas,TX,South,32.7767,-96.7970,8.1,102.5,1480,405000,87200,70800,4.0,8.3,15.8,5.3,0,730
austin,Austin,TX,South,30.2672,-97.7431,2.5,103.2,1560,545000,103600,72800,3.4,6.9,20.4,5.5,0,700
san-jose,San Jose,CA,West,37.3382,-121.8863,2.0,123.5,2800,1450000,153200,108400,4.6,9.2,2.7,4.8,0,680
san-francisco,San Francisco,CA,West,37.7749,-122.4194,4.6,125.2,3050,1250000,133800,98700,4.4,8.8,1.4,4.5,0,420
seattle,Seattle,WA,West,47.6062,-122.3321,4.1,115.6,2150,810000,116100,90300,4.3,8.6,6.1,5.0,0,520
denver,Denver,CO,West,39.7392,-104.9903,3.0,108.3,1720,610000,101600,78200,4.0,7.1,9.4,4.8,0,640
boston,Boston,MA,Northeast,42.3601,-71.0589,4.9,113.7,2950,720000,112500,88700,3.9,7.5,4.4,4.5,0,360
washington-dc,Washington,DC,South,38.9072,-77.0369,6.3,113.0,2250,600000,123900,89500,3.6,9.0,3.4,4.0,0,410
nashville,Nashville,TN,South,36.1627,-86.7816,2.1,101.6,1640,470000,84200,66400,3.1,6.8,14.8,5.5,0,720
atlanta,Atlanta,GA,South,33.7490,-84.3880,6.3,101.3,1650,420000,86900,70400,3.5,8.2,10.6,5.1,0,740
miami,Miami,FL,South,25.7617,-80.1918,6.1,111.4,2350,590000,73400,63900,2.6,6.4,11.3,5.7,0,680
minneapolis,Minneapolis,MN,Midwest,44.9778,-93.2650,3.7,102.0,1450,380000,98200,75600,3.2,6.0,3.0,4.4,0,560
portland,Portland,OR,West,45.5152,-122.6784,2.5,106.4,1580,540000,92100,74500,4.2,8.3,3.9,4.6,0.015,560
las-vegas,Las Vegas,NV,West,36.1699,-115.1398,2.3,99.9,1340,440000,72200,58900,5.9,11.9,13.2,5.0,0,700
detroit,Detroit,MI,Midwest,42.3314,-83.0458,4.3,95.2,1120,265000,73500,65400,4.9,10.4,1.5,4.3,0.024,760
baltimore,Baltimore,MD,South,39.2904,-76.6122,2.8,103.1,1540,370000,91200,72600,3.3,9.1,2.1,4.1,0.032,590
charlotte,Charlotte,NC,South,35.2271,-80.8431,2.8,97.8,1500,405000,82200,66900,3.6,7.9,14.6,5.3,0,720
raleigh,Raleigh,NC,South,35.7796,-78.6382,1.5,98.4,1480,460000,98400,70200,3.3,6.6,17.2,5.4,0,720
salt-lake-city,Salt Lake City,UT,West,40.7608,-111.8910,1.3,101.8,1420,560000,94700,67900,3.0,5.3,11.8,5.4,0,650
kansas-city,Kansas City,MO,Midwest,39.0997,-94.5786,2.2,92.5,1180,310000,80700,64200,3.4,7.2,5.4,4.6,0.01,720
columbus,Columbus,OH,Midwest,39.9612,-82.9988,2.2,93.6,1210,320000,79700,64900,3.8,8.0,8.1,4.6,0.025,700
indianapolis,Indianapolis,IN,Midwest,39.7684,-86.1581,2.1,93.1,1170,300000,76900,63700,3.6,7.7,8.4,4.6,0.0202,720
pittsburgh,Pittsburgh,PA,Northeast,40.4406,-79.9959,2.4,93.7,1330,245000,72900,64100,3.7,8.1,1.2,4.1,0.03,560
st-louis,St. Louis,MO,Midwest,38.6270,-90.1994,2.8,91.4,1130,260000,76300,64000,3.6,7.9,2.0,4.3,0.01,690
tampa,Tampa,FL,South,27.9506,-82.4572,3.3,100.0,1720,405000,72600,61400,3.3,7.4,13.4,5.6,0,710
orlando,Orlando,FL,South,28.5383,-81.3792,2.8,101.4,1680,420000,76200,58700,3.3,7.9,13.9,5.5,0,720
sacramento,Sacramento,CA,West,38.5816,-121.4944,2.4,107.8,1720,560000,92700,75100,4.9,10.7,5.2,4.7,0,690
cincinnati,Cincinnati,OH,Midwest,39.1031,-84.5120,2.3,92.1,1150,285000,77900,64300,3.9,8.2,4.6,4.4,0.018,700
cleveland,Cleveland,OH,Midwest,41.4993,-81.6944,2.2,91.4,1050,215000,66500,63100,4.3,9.6,0.9,4.2,0.025,680
milwaukee,Milwaukee,WI,Midwest,43.0389,-87.9065,1.6,94.3,1180,295000,71500,64800,3.4,7.9,1.3,4.3,0,650
oklahoma-city,Oklahoma City,OK,South,35.4676,-97.5164,1.5,90.0,1040,245000,70500,58400,3.2,6.8,7.4,4.8,0,730
louisville,Louisville,KY,South,38.2527,-85.7585,1.4,91.0,1080,255000,70900,60900,4.3,8.9,4.3,4.5,0.022,700
richmond,Richmond,VA,South,37.5407,-77.4360,1.3,97.6,1420,360000,83400,66000,3.0,7.2,6.9,4.6,0,700
new-orleans,New Orleans,LA,South,29.9511,-90.0715,1.0,95.0,1350,275000,60800,59600,4.1,10.6,-1.8,4.0,0,620
memphis,Memphis,TN,South,35.1495,-90.0490,1.3,89.8,1120,235000,62100,56800,4.4,10.3,3.2,4.4,0,730
buffalo,Buffalo,NY,Northeast,42.8864,-78.8784,1.2,93.8,1180,255000,70300,60800,3.9,8.7,0.6,4.3,0,620
birmingham,Birmingham,AL,South,33.5186,-86.8104,1.1,89.4,1150,270000,67900,59300,2.8,7.1,3.9,4.5,0.01,720
albuquerque,Albuquerque,NM,West,35.0844,-106.6504,0.9,93.3,1110,340000,67200,59800,3.9,8.6,4.1,4.6,0,700
omaha,Omaha,NE,Midwest,41.2565,-95.9345,1.0,92.8,1120,290000,79200,62400,2.9,5.4,5.6,4.5,0,700
boise,Boise,ID,West,43.6150,-116.2023,0.8,96.8,1390,480000,80900,59100,3.4,6.3,16.9,5.4,0,710
madison,Madison,WI,Midwest,43.0731,-89.4012,0.7,99.4,1470,420000,86800,67400,2.4,4.8,7.7,4.6,0,580
ann-arbor,Ann Arbor,MI,Midwest,42.2808,-83.7430,0.4,101.6,1560,470000,87900,70800,3.3,6.1,4.9,4.5,0,560
providence,Providence,RI,Northeast,41.8240,-71.4128,1.7,100.4,1640,440000,83400,67800,4.3,9.3,2.7,4.2,0,600
durham,Durham,NC,South,35.9940,-78.8986,0.6,97.2,1450,410000,82400,72100,3.2,6.6,15.1,5.3,0,700
champaign,Champaign,IL,Midwest,40.1164,-88.2434,0.2,92.4,1020,230000,59800,58200,3.9,8.7,2.3,4.2,0,560
