id,name,publisher,url,dataset,vintage,update_frequency,used_for,methodology,last_updated
college-scorecard,College Scorecard,U.S. Department of Education,https://collegescorecard.ed.gov/data/,Institution-level data files,2023-24,Annual,"Net price, completion, earnings, debt, admissions","Median earnings of federally aided students 10 years after entry; median federal debt at completion. Institution-level, not program-level, in this seed.",2026-06-15
ipeds,IPEDS,National Center for Education Statistics,https://nces.ed.gov/ipeds/,Institutional Characteristics & Student Financial Aid,2023-24,Annual,"Tuition, cost of attendance, grant aid, enrollment","Published sticker tuition and fees for first-time full-time undergraduates; cost of attendance includes housing, food, books, and personal expenses.",2026-05-30
bls-oews,Occupational Employment and Wage Statistics,Bureau of Labor Statistics,https://www.bls.gov/oes/,National and metro occupational estimates,May 2024,Annual,"Occupation wages (median, 10th, 90th percentile), employment, metro mean wage","Survey-based wage estimates. BLS caps published wages at $239,200; values at the cap are lower bounds.",2026-04-02
bls-ep,Employment Projections,Bureau of Labor Statistics,https://www.bls.gov/emp/,Occupational projections 2024-34,2024-34,Annual,"Projected job growth, annual openings, typical entry education",Ten-year projections of employment change; openings include growth and replacement needs.,2026-01-20
bls-laus,Local Area Unemployment Statistics,Bureau of Labor Statistics,https://www.bls.gov/lau/,State and metro unemployment,2025 annual average,Monthly,"Unemployment rate, job growth",Model-based estimates combining CPS and payroll data.,2026-03-12
bea-rpp,Regional Price Parities,Bureau of Economic Analysis,https://www.bea.gov/data/prices-inflation/regional-price-parities-state-and-metro-area,RPP by state and metro area,2023,Annual,"Cost of living, purchasing power","Price level of an area relative to the national average (U.S. = 100) across goods, services and housing.",2025-12-12
acs,American Community Survey,U.S. Census Bureau,https://www.census.gov/programs-surveys/acs,1-year estimates,2024,Annual,"Median household income, median gross rent, home values, youth unemployment",Survey-based estimates with published margins of error; EconPath shows point estimates.,2025-09-18
hud-fmr,Fair Market Rents,U.S. Department of Housing and Urban Development,https://www.huduser.gov/portal/datasets/fmr.html,FY2026 FMR,FY2026,Annual,One-bedroom rent benchmarks,40th-percentile gross rents for standard-quality units; used to cross-check ACS medians.,2025-10-01
ny-fed-grads,The Labor Market for Recent College Graduates,Federal Reserve Bank of New York,https://www.newyorkfed.org/research/college-labor-market,Outcomes by major,2025,Annual,"Major early and mid-career wages, unemployment, underemployment, graduate degree share",Based on ACS microdata for workers aged 22-27 (early career) and 35-45 (mid-career).,2026-02-26
irs-brackets,Federal income tax brackets,Internal Revenue Service,https://www.irs.gov/filing/federal-income-tax-rates-and-brackets,Tax year 2025 brackets and standard deduction,2025,Annual,Federal income tax and FICA estimates,Single filer brackets and standard deduction; FICA at 7.65% up to the Social Security wage base.,2026-01-05
fred-cpi,Consumer Price Index (CPI-U),Federal Reserve Bank of St. Louis (FRED),https://fred.stlouisfed.org/series/CPIAUCSL,CPI-U,2026-08,Monthly,Default inflation assumption,Long-run default of 2.5% per year; users can override.,2026-09-12
state-tax,State individual income tax rates,Tax Foundation & state revenue departments,https://taxfoundation.org/data/all/state/state-income-tax-rates/,State income tax rates,2026,Annual,State and local income tax estimates,EconPath applies a simplified effective rate above a standard deduction; local rates added where they apply to residents.,2026-02-14
