id,name,category,cip_code,start_salary,mid_career_salary,unemployment_rate,underemployment_rate,grad_school_rate,job_growth,mid_career_p25,mid_career_p75,top_occupations,industries
computer-science,Computer Science,STEM,11.0701,80000,115000,6.1,16.5,20,12.1,85000,150000,software-developer|data-scientist|information-security-analyst|computer-systems-analyst,Technology|Finance|Consulting|Government
computer-engineering,Computer Engineering,STEM,14.0901,80000,122000,7.5,17.0,24,9.3,90000,158000,software-developer|computer-hardware-engineer|electrical-engineer|network-architect,Technology|Manufacturing|Defense|Telecommunications
electrical-engineering,Electrical Engineering,STEM,14.1001,76000,115000,2.8,17.4,39,6.4,86000,148000,electrical-engineer|electronics-engineer|computer-hardware-engineer|software-developer,Manufacturing|Utilities|Defense|Technology
mechanical-engineering,Mechanical Engineering,STEM,14.1901,75000,110000,3.6,15.2,33,8.9,84000,140000,mechanical-engineer|industrial-engineer|aerospace-engineer|engineering-manager,Manufacturing|Automotive|Aerospace|Energy
chemical-engineering,Chemical Engineering,STEM,14.0701,78000,115000,2.9,18.2,43,7.5,88000,150000,chemical-engineer|materials-engineer|environmental-engineer|engineering-manager,Energy|Pharmaceuticals|Manufacturing|Consulting
civil-engineering,Civil Engineering,STEM,14.0801,65000,100000,1.7,15.4,34,5.6,78000,125000,civil-engineer|construction-manager|environmental-engineer|urban-planner,Construction|Government|Consulting|Transportation
aerospace-engineering,Aerospace Engineering,STEM,14.0201,75000,120000,3.5,19.1,43,6.1,90000,150000,aerospace-engineer|mechanical-engineer|engineering-manager|electrical-engineer,Aerospace|Defense|Government|Manufacturing
industrial-engineering,Industrial Engineering,STEM,14.3501,72000,105000,2.6,21.4,32,11.7,82000,132000,industrial-engineer|operations-research-analyst|logistician|management-analyst,Manufacturing|Logistics|Consulting|Healthcare
biomedical-engineering,Biomedical Engineering,STEM,14.0501,70000,105000,5.0,27.1,55,7.1,80000,135000,biomedical-engineer|medical-scientist|mechanical-engineer|quality-assurance-analyst,Medical Devices|Pharmaceuticals|Healthcare|Research
mathematics,Mathematics,STEM,27.0101,63000,100000,3.9,31.8,50,11.2,72000,135000,data-scientist|actuary|statistician|high-school-teacher,Finance|Technology|Education|Insurance
statistics,Statistics & Data Science,STEM,27.0501,70000,110000,3.3,26.4,48,14.8,82000,140000,data-scientist|statistician|market-research-analyst|operations-research-analyst,Technology|Finance|Healthcare|Government
physics,Physics,STEM,40.0801,60000,105000,4.4,28.4,67,6.9,75000,140000,physicist|software-developer|data-scientist|engineering-manager,Research|Technology|Defense|Education
chemistry,Chemistry,STEM,40.0501,50000,85000,3.1,34.0,62,6.3,62000,112000,chemist|medical-scientist|chemical-engineer|pharmacist,Pharmaceuticals|Research|Manufacturing|Healthcare
biology,Biology,STEM,26.0101,45000,75000,4.7,43.2,61,5.4,55000,100000,medical-scientist|biological-technician|physician|registered-nurse,Healthcare|Research|Pharmaceuticals|Education
environmental-science,Environmental Science,STEM,03.0104,45000,70000,4.1,41.3,39,6.0,55000,92000,environmental-scientist|urban-planner|conservation-scientist|environmental-engineer,Government|Consulting|Nonprofit|Energy
information-systems,Information Systems & Management,STEM,11.0401,68000,100000,4.2,27.3,21,10.8,78000,128000,computer-systems-analyst|it-manager|database-administrator|information-security-analyst,Technology|Finance|Consulting|Healthcare
economics,Economics,Business,45.0601,65000,105000,4.1,32.8,42,6.9,72000,145000,financial-analyst|economist|management-analyst|market-research-analyst,Finance|Consulting|Government|Technology
finance,Finance,Business,52.0801,65000,100000,3.3,29.6,29,7.4,72000,140000,financial-analyst|personal-financial-advisor|financial-manager|loan-officer,Banking|Investment Management|Insurance|Corporate Finance
accounting,Accounting,Business,52.0301,60000,85000,2.4,19.6,32,5.0,68000,110000,accountant|financial-manager|budget-analyst|tax-examiner,Accounting Firms|Corporate Finance|Government|Banking
business-administration,Business Administration,Business,52.0201,55000,85000,4.0,47.4,24,6.2,62000,118000,management-analyst|sales-manager|general-manager|human-resources-specialist,Retail|Finance|Consulting|Manufacturing
marketing,Marketing,Business,52.1401,50000,88000,4.7,50.9,20,6.8,62000,120000,marketing-manager|market-research-analyst|sales-manager|public-relations-specialist,Advertising|Retail|Technology|Media
supply-chain,Supply Chain & Operations,Business,52.0203,60000,92000,3.1,30.2,20,8.2,70000,120000,logistician|purchasing-manager|operations-research-analyst|management-analyst,Logistics|Manufacturing|Retail|Consulting
international-business,International Business,Business,52.1101,52000,88000,5.1,52.8,26,5.7,62000,118000,management-analyst|financial-analyst|sales-manager|logistician,Consulting|Trade|Finance|Manufacturing
hospitality,Hospitality & Tourism,Business,52.0901,45000,68000,4.4,59.7,14,6.1,50000,90000,lodging-manager|food-service-manager|event-planner|sales-manager,Hospitality|Food Service|Travel|Events
nursing,Nursing,Health,51.3801,65000,85000,1.4,10.8,34,6.1,74000,100000,registered-nurse|nurse-practitioner|medical-health-manager|health-educator,Hospitals|Clinics|Home Health|Education
public-health,Public Health,Health,51.2201,45000,70000,3.8,42.7,48,7.3,54000,92000,health-educator|epidemiologist|medical-health-manager|social-worker,Government|Nonprofit|Hospitals|Research
pre-med,Health Sciences / Pre-Med,Health,51.0000,45000,82000,3.6,43.6,58,8.4,56000,120000,physician|physician-assistant|physical-therapist|registered-nurse,Hospitals|Clinics|Research|Pharmaceuticals
pharmacy,Pharmacy & Pharmaceutical Sciences,Health,51.2001,60000,120000,2.8,14.5,50,3.5,90000,138000,pharmacist|medical-scientist|chemist|medical-health-manager,Pharmacies|Hospitals|Pharmaceuticals|Research
kinesiology,Kinesiology & Exercise Science,Health,31.0505,40000,65000,3.5,50.2,49,8.6,48000,86000,physical-therapist|athletic-trainer|fitness-trainer|occupational-therapist,Healthcare|Fitness|Education|Sports
psychology,Psychology,Social Science,42.0101,42000,70000,4.9,46.2,48,5.1,50000,95000,psychologist|social-worker|human-resources-specialist|counselor,Healthcare|Education|Government|Nonprofit
political-science,Political Science,Social Science,45.1001,48000,88000,5.9,49.3,51,4.8,58000,125000,lawyer|policy-analyst|paralegal|management-analyst,Government|Law|Nonprofit|Consulting
sociology,Sociology,Social Science,45.1101,42000,68000,5.4,51.8,43,4.3,48000,90000,social-worker|human-resources-specialist|policy-analyst|market-research-analyst,Nonprofit|Government|Education|Healthcare
anthropology,Anthropology,Social Science,45.0201,40000,65000,6.5,53.0,47,4.0,46000,88000,social-worker|market-research-analyst|curator|policy-analyst,Nonprofit|Government|Museums|Research
criminal-justice,Criminal Justice,Social Science,43.0104,42000,68000,4.2,68.4,28,3.2,50000,85000,police-officer|paralegal|probation-officer|detective,Government|Law Enforcement|Security|Law
international-relations,International Relations,Social Science,45.0901,48000,85000,6.4,48.1,52,4.6,58000,120000,policy-analyst|management-analyst|lawyer|interpreter,Government|Nonprofit|Consulting|Finance
urban-planning,Urban Planning,Social Science,04.0301,50000,78000,3.0,36.0,45,4.8,60000,98000,urban-planner|civil-engineer|policy-analyst|construction-manager,Government|Consulting|Real Estate|Nonprofit
english,English Language & Literature,Humanities,23.0101,40000,70000,6.3,50.4,54,2.9,48000,98000,writer|editor|high-school-teacher|public-relations-specialist,Education|Media|Publishing|Marketing
history,History,Humanities,54.0101,42000,72000,5.6,47.8,55,3.1,50000,100000,high-school-teacher|lawyer|curator|policy-analyst,Education|Government|Law|Museums
philosophy,Philosophy,Humanities,38.0101,45000,78000,6.8,43.4,58,3.4,52000,110000,lawyer|policy-analyst|writer|management-analyst,Law|Education|Technology|Nonprofit
foreign-languages,Foreign Languages,Humanities,16.0101,42000,65000,4.8,49.9,50,3.6,48000,90000,interpreter|high-school-teacher|writer|policy-analyst,Education|Government|Translation|Travel
communications,Communications,Humanities,09.0101,45000,75000,4.9,51.1,26,4.7,52000,102000,public-relations-specialist|marketing-manager|writer|producer,Media|Marketing|Nonprofit|Technology
journalism,Journalism,Humanities,09.0401,42000,70000,4.6,45.4,26,1.8,48000,98000,reporter|editor|public-relations-specialist|writer,Media|Publishing|Marketing|Nonprofit
education,Elementary Education,Education,13.1202,43000,55000,2.1,19.9,50,1.2,49000,64000,elementary-teacher|special-education-teacher|school-counselor|instructional-coordinator,K-12 Education|Childcare|Nonprofit|Government
secondary-education,Secondary Education,Education,13.1205,44000,58000,2.4,24.0,52,1.0,50000,68000,high-school-teacher|school-counselor|instructional-coordinator|school-principal,K-12 Education|Higher Education|Nonprofit|Government
architecture,Architecture,Arts & Design,04.0201,50000,85000,3.4,30.1,39,5.6,62000,112000,architect|urban-planner|interior-designer|construction-manager,Architecture Firms|Construction|Real Estate|Government
graphic-design,Graphic Design,Arts & Design,50.0409,42000,65000,5.9,47.6,11,3.1,48000,86000,graphic-designer|ux-designer|art-director|marketing-manager,Advertising|Media|Technology|Publishing
fine-arts,Fine Arts,Arts & Design,50.0702,38000,60000,7.8,55.9,31,3.0,42000,82000,art-director|graphic-designer|curator|fine-artist,Arts|Education|Media|Nonprofit
music,Music,Arts & Design,50.0901,38000,62000,7.1,54.2,43,2.8,43000,85000,musician|music-director|high-school-teacher|producer,Performing Arts|Education|Media|Religious Organizations
film,Film & Media Production,Arts & Design,50.0602,40000,68000,7.4,54.6,17,4.3,46000,95000,producer|film-editor|art-director|writer,Film & TV|Media|Advertising|Technology
agriculture,Agricultural Business & Sciences,Applied,01.0101,50000,78000,2.3,42.4,26,3.9,58000,98000,agricultural-manager|food-scientist|purchasing-manager|conservation-scientist,Agriculture|Food Manufacturing|Government|Finance
social-work,Social Work,Applied,44.0701,42000,57000,2.9,38.2,55,6.5,47000,68000,social-worker|counselor|medical-health-manager|probation-officer,Government|Healthcare|Nonprofit|Schools
