code,fips,name,region,rpp,median_household_income,median_rent,unemployment_rate,youth_unemployment_rate,job_growth_5yr,wage_index,wage_growth,public_tuition_in_state,state_income_tax_rate
AL,01,Alabama,South,87.9,62200,1010,3.0,7.4,5.8,0.86,4.6,11900,0.050
AK,02,Alaska,West,103.6,89700,1420,4.6,9.8,1.9,1.02,3.9,8700,0.000
AZ,04,Arizona,West,99.6,77300,1430,3.8,7.9,10.4,0.94,5.1,12700,0.025
AR,05,Arkansas,South,86.6,58700,930,3.5,8.1,5.2,0.83,4.8,9800,0.039
CA,06,California,West,112.6,95500,1990,5.4,11.2,4.6,1.21,4.4,10100,0.065
CO,08,Colorado,West,103.9,92900,1710,4.0,7.6,9.1,1.07,4.9,12800,0.044
CT,09,Connecticut,Northeast,104.2,91700,1450,3.9,9.3,2.8,1.09,4.2,17200,0.055
DE,10,Delaware,South,99.1,82200,1370,4.1,9.0,6.3,0.97,4.5,15600,0.052
DC,11,District of Columbia,South,110.8,106300,1950,5.6,12.9,1.1,1.48,3.8,0,0.065
FL,12,Florida,South,102.3,71700,1720,3.3,7.2,12.1,0.91,5.6,6400,0.000
GA,13,Georgia,South,95.2,74600,1400,3.5,8.4,8.9,0.95,5.0,9200,0.054
HI,15,Hawaii,West,110.7,94800,1920,2.9,6.8,-1.2,0.98,4.1,11700,0.072
ID,16,Idaho,West,93.7,74900,1270,3.6,6.5,14.3,0.84,5.4,8400,0.053
IL,17,Illinois,Midwest,98.8,80300,1250,4.9,10.6,2.6,1.04,4.3,15800,0.0495
IN,18,Indiana,Midwest,91.0,67200,1030,3.9,8.2,5.4,0.88,4.6,10300,0.030
IA,19,Iowa,Midwest,88.8,71400,930,3.0,6.1,2.7,0.87,4.4,9900,0.038
KS,20,Kansas,Midwest,89.9,69700,1000,3.4,6.9,3.1,0.87,4.3,10600,0.055
KY,21,Kentucky,South,88.1,61100,930,4.9,9.6,4.8,0.85,4.5,12000,0.040
LA,22,Louisiana,South,89.7,57900,1020,4.3,10.1,1.3,0.87,4.0,11100,0.030
ME,23,Maine,Northeast,97.6,71800,1100,3.1,6.4,3.4,0.89,4.9,11400,0.058
MD,24,Maryland,South,105.4,98500,1690,3.2,8.8,2.9,1.07,4.2,10800,0.0475
MA,25,Massachusetts,Northeast,108.9,99900,1880,4.2,8.3,3.6,1.24,4.4,16300,0.050
MI,26,Michigan,Midwest,93.6,69200,1090,4.8,9.9,2.4,0.93,4.3,15700,0.0425
MN,27,Minnesota,Midwest,97.6,85100,1230,3.3,6.3,2.9,1.02,4.4,13800,0.068
MS,28,Mississippi,South,86.0,54900,940,3.4,9.7,2.5,0.79,4.4,9400,0.044
MO,29,Missouri,Midwest,89.9,68900,1010,3.7,7.8,4.2,0.89,4.5,10600,0.047
MT,30,Montana,West,95.1,69900,1070,3.1,5.8,9.4,0.83,5.2,8200,0.059
NE,31,Nebraska,Midwest,90.3,74600,1000,2.9,5.2,4.0,0.88,4.4,9600,0.052
NV,32,Nevada,West,97.4,75600,1460,5.7,11.5,11.8,0.92,5.0,8400,0.000
NH,33,New Hampshire,Northeast,104.1,96800,1540,2.6,5.5,4.4,1.01,4.5,17600,0.000
NJ,34,New Jersey,Northeast,109.8,101100,1740,4.6,10.8,4.9,1.14,4.3,16400,0.055
NM,35,New Mexico,West,90.8,62300,1030,4.1,9.2,4.7,0.87,4.6,8700,0.049
NY,36,New York,Northeast,109.1,84600,1690,4.3,10.2,1.9,1.23,4.2,9100,0.055
NC,37,North Carolina,South,93.1,70800,1250,3.7,8.0,10.0,0.92,5.1,7300,0.0425
ND,38,North Dakota,Midwest,89.8,76500,950,2.5,4.7,2.3,0.94,4.1,10000,0.020
OH,39,Ohio,Midwest,90.2,69700,1010,4.3,9.1,2.9,0.91,4.4,12100,0.030
OK,40,Oklahoma,South,87.0,63600,970,3.2,6.9,5.5,0.85,4.7,9500,0.0475
OR,41,Oregon,West,102.6,80400,1500,4.1,8.7,4.1,1.00,4.7,13200,0.0875
PA,42,Pennsylvania,Northeast,95.9,76100,1180,3.7,8.3,2.7,0.97,4.3,18100,0.0307
RI,44,Rhode Island,Northeast,100.8,86400,1330,4.5,9.4,2.1,0.98,4.2,15900,0.0475
SC,45,South Carolina,South,92.8,66800,1200,4.1,8.6,10.6,0.86,5.2,13000,0.062
SD,46,South Dakota,Midwest,88.2,69500,900,1.9,4.3,5.9,0.84,4.6,10100,0.000
TN,47,Tennessee,South,90.6,67600,1240,3.5,8.1,10.2,0.90,5.3,11100,0.000
TX,48,Texas,South,97.5,76300,1400,4.1,8.7,13.5,0.97,5.2,11600,0.000
UT,49,Utah,West,97.6,91800,1430,3.1,5.4,13.9,0.93,5.5,7700,0.0455
VT,50,Vermont,Northeast,98.0,78000,1250,2.4,5.7,0.6,0.90,4.3,18900,0.060
VA,51,Virginia,South,101.7,90200,1570,2.9,7.1,4.2,1.04,4.4,14700,0.0575
WA,53,Washington,West,110.0,94600,1790,4.5,9.1,6.7,1.18,4.9,11800,0.000
WV,54,West Virginia,South,86.5,57900,860,4.2,9.9,0.4,0.83,4.2,9200,0.048
WI,55,Wisconsin,Midwest,91.9,74600,1050,3.1,6.2,2.5,0.91,4.4,10500,0.053
WY,56,Wyoming,West,92.0,74800,980,3.1,6.0,1.4,0.89,4.2,6400,0.000
